"","codex","place","month","day","year","gender","hill_size.x","team","season","X","Unnamed..0","hill_size.y","k.point","meter.value","gate.factor","wind.factor"
"1",3068,"Innsbruck (AUT)","January",3,2012,"Men",130,0,2012,0,0,130,120,1.8,7.02,8.46
"2",3088,"Harrachov (CZE)","December",8,2011,"Men",142,0,2012,1,1,142,125,1.8,5.04,9.54
"3",3091,"Harrachov (CZE)","December",11,2011,"Men",142,0,2012,2,2,142,125,1.8,5.04,9.54
"4",3102,"Ruka (FIN)","November",27,2011,"Men",142,0,2012,3,3,142,120,1.8,9.54,11.7
"5",3103,"Lahti (FIN)","March",2,2012,"Men",97,0,2012,4,4,97,90,2,6.4,6.8
"6",3110,"Oberstdorf (GER)","December",29,2011,"Men",137,0,2012,5,5,137,120,1.8,7.4,9.09
"7",3112,"Garmisch-Partenkirchen (GER)","December",31,2011,"Men",140,0,2012,6,6,140,125,1.8,7.56,9.36
"8",3122,"Willingen (GER)","February",10,2012,"Men",145,0,2012,7,7,145,130,1.8,7.83,11.7
"9",3125,"Klingenthal (GER)","February",14,2012,"Men",140,0,2012,8,8,140,125,1.8,7.56,10.8
"10",3127,"Oberstdorf (GER)","February",17,2012,"Men",213,0,2012,9,9,213,185,1.2,7.67,12
"11",3136,"Predazzo (ITA)","February",3,2012,"Men",134,0,2012,10,10,134,120,1.8,5.58,8.82
"12",3138,"Predazzo (ITA)","February",5,2012,"Men",134,0,2012,11,11,134,120,1.8,5.58,8.82
"13",3144,"Sapporo (JPN)","January",27,2012,"Men",134,0,2012,12,12,134,120,1.8,9,11.7
"14",3146,"Sapporo (JPN)","January",29,2012,"Men",134,0,2012,13,13,134,120,1.8,9,11.7
"15",3153,"Lillehammer (NOR)","December",2,2011,"Men",100,0,2012,14,14,100,90,2,6,6.4
"16",3156,"Lillehammer (NOR)","December",4,2011,"Men",138,0,2012,15,15,138,123,1.8,7.45,9.18
"17",3167,"Trondheim (NOR)","March",8,2012,"Men",131,0,2012,16,16,140,123,1.8,7.56,9.36
"18",3168,"Trondheim (NOR)","March",8,2012,"Men",131,0,2012,17,17,140,123,1.8,7.56,9.36
"19",3170,"Oslo (NOR)","March",10,2012,"Men",134,0,2012,18,18,134,120,1.8,7.24,10.8
"20",3172,"Zakopane (POL)","January",19,2012,"Men",134,0,2012,19,19,134,120,1.8,7.24,8.82
"21",3174,"Zakopane (POL)","January",21,2012,"Men",134,0,2012,20,20,134,120,1.8,7.24,8.82
"22",3196,"Planica (SLO)","March",15,2012,"Men",215,0,2012,21,21,215,185,1.2,7.74,12
"23",3200,"Engelberg (SUI)","December",17,2011,"Men",137,0,2012,22,22,137,125,1.8,7.4,9.09
"24",3202,"Engelberg (SUI)","December",18,2011,"Men",137,0,2012,23,23,137,125,1.8,7.4,9.09
"25",3769,"Innsbruck (AUT)","January",3,2013,"Men",130,0,2013,24,24,130,120,1.8,7.02,8.46
"26",3771,"Bischofshofen (AUT)","January",5,2013,"Men",140,0,2013,25,25,140,125,1.8,4.86,9.36
"27",3781,"Harrachov (CZE)","February",1,2013,"Men",205,0,2013,26,26,205,185,1.2,7.38,10.8
"28",3786,"Ruka (FIN)","November",29,2012,"Men",142,0,2013,27,27,142,120,1.8,9.54,11.7
"29",3791,"Lahti (FIN)","March",8,2013,"Men",130,0,2013,28,28,130,116,1.8,7.56,8.46
"30",3794,"Kuopio (FIN)","March",11,2013,"Men",127,0,2013,29,29,127,120,1.8,6.86,8.19
"31",3806,"Oberstdorf (GER)","December",29,2012,"Men",137,0,2013,30,30,137,120,1.8,7.4,9.09
"32",3808,"Garmisch-Partenkirchen (GER)","December",31,2012,"Men",140,0,2013,31,31,140,125,1.8,7.56,9.36
"33",3810,"Schonach (GER)","January",4,2013,"Women",106,0,2013,32,32,106,95,2,6.36,7
"34",3820,"Willingen (GER)","February",8,2013,"Men",140,0,2013,33,33,145,130,1.8,7.83,11.7
"35",3823,"Klingenthal (GER)","February",12,2013,"Men",140,0,2013,34,34,140,125,1.8,7.56,10.8
"36",3825,"Oberstdorf (GER)","February",15,2013,"Men",213,0,2013,35,35,213,185,1.2,7.67,12
"37",3851,"Lillehammer (NOR)","November",24,2012,"Women",100,0,2013,36,36,100,90,2,6,6.4
"38",3853,"Lillehammer (NOR)","November",25,2012,"Men",138,0,2013,37,37,138,123,1.8,7.45,9.18
"39",3858,"Vikersund (NOR)","January",25,2013,"Men",225,0,2013,38,38,225,195,1.2,8.1,14.4
"40",3860,"Vikersund (NOR)","January",27,2013,"Men",225,0,2013,39,39,225,195,1.2,8.1,14.4
"41",3864,"Trondheim (NOR)","March",14,2013,"Men",140,0,2013,40,40,140,124,1.8,7.56,9.36
"42",3867,"Oslo (NOR)","March",16,2013,"Men",134,0,2013,41,41,134,120,1.8,7.24,10.8
"43",3872,"Wisla (POL)","January",8,2013,"Men",134,0,2013,42,42,134,120,1.8,7.24,8.82
"44",3874,"Zakopane (POL)","January",10,2013,"Men",134,0,2013,43,43,134,120,1.8,7.24,10.8
"45",3890,"Sochi (RUS)","December",7,2012,"Men",106,0,2013,44,44,105,95,2,6.36,7
"46",3894,"Sochi (RUS)","December",9,2012,"Men",106,0,2013,45,45,106,95,2,6.36,7
"47",3904,"Planica (SLO)","March",21,2013,"Men",215,0,2013,46,46,215,185,1.2,7.74,12
"48",3908,"Engelberg (SUI)","December",14,2012,"Men",137,0,2013,47,47,137,125,1.8,7.4,9.09
"49",3910,"Engelberg (SUI)","December",16,2012,"Men",137,0,2013,48,48,137,125,1.8,7.4,9.09
"50",3927,"Lillehammer (NOR)","November",23,2012,"Men",100,0,2013,49,49,100,90,2,6,6.4
"51",3928,"Ramsau (AUT)","December",13,2012,"Women",98,0,2013,50,50,98,90,2,5.88,6.2
"52",3792,"Innsbruck (AUT)","January",3,2014,"Men",130,0,2014,51,51,130,120,1.8,7.02,8.46
"53",3794,"Bischofshofen (AUT)","January",5,2014,"Men",140,0,2014,52,52,140,125,1.8,4.86,9.36
"54",3796,"Tauplitz/Bad Mitterndorf (AUT)","January",10,2014,"Men",200,0,2014,53,53,200,185,1.2,7.2,10.8
"55",3798,"Tauplitz/Bad Mitterndorf (AUT)","January",12,2014,"Men",200,0,2014,54,54,200,185,1.2,7.2,10.8
"56",3808,"Ruka (FIN)","November",28,2013,"Men",142,0,2014,55,55,142,120,1.8,9.54,11.7
"57",3810,"Lahti (FIN)","February",28,2014,"Men",130,0,2014,56,56,130,116,1.8,7.56,8.46
"58",3817,"Lahti (FIN)","March",2,2014,"Men",130,0,2014,57,57,130,116,1.8,7.56,8.46
"59",3819,"Kuopio (FIN)","March",4,2014,"Men",127,0,2014,58,58,127,120,1.8,6.86,8.19
"60",3827,"Klingenthal (GER)","November",22,2013,"Men",140,0,2014,59,59,140,125,1.8,7.56,10.8
"61",3830,"Titisee-Neustadt (GER)","December",13,2013,"Men",142,0,2014,60,60,142,125,1.8,7.67,10.8
"62",3832,"Titisee-Neustadt (GER)","December",15,2013,"Men",142,0,2014,61,61,142,125,1.8,7.67,10.8
"63",3834,"Hinterzarten (GER)","December",21,2013,"Women",108,0,2014,62,62,108,95,2,6.48,8.4
"64",3836,"Hinterzarten (GER)","December",22,2013,"Women",108,0,2014,63,63,108,95,2,6.48,8.4
"65",3837,"Oberstdorf (GER)","December",28,2013,"Men",137,0,2014,64,64,137,120,1.8,7.4,10.8
"66",3839,"Garmisch-Partenkirchen (GER)","December",31,2013,"Men",140,0,2014,65,65,140,125,1.8,7.56,10.44
"67",3841,"Willingen (GER)","January",31,2014,"Men",145,0,2014,66,66,145,130,1.8,7.83,11.7
"68",3843,"Willingen (GER)","February",2,2014,"Men",145,0,2014,67,67,145,130,1.8,7.83,11.7
"69",3865,"Sapporo (JPN)","January",11,2014,"Women",100,0,2014,68,68,100,90,2,6,6.4
"70",3872,"Sapporo (JPN)","January",24,2014,"Men",134,0,2014,69,69,134,120,1.8,9,11.7
"71",3880,"Lillehammer (NOR)","December",6,2013,"Men",100,0,2014,70,70,100,90,2,6,6.4
"72",3881,"Lillehammer (NOR)","December",7,2013,"Women",100,0,2014,71,71,100,90,2,6,6.4
"73",3883,"Lillehammer (NOR)","December",8,2013,"Men",138,0,2014,72,72,138,123,1.8,7.45,9.9
"74",3891,"Trondheim (NOR)","March",6,2014,"Men",138,0,2014,73,73,140,124,1.8,7.56,10.8
"75",3894,"Oslo (NOR)","March",8,2014,"Men",134,0,2014,74,74,134,120,1.8,7.24,9.9
"76",3901,"Wisla (POL)","January",16,2014,"Men",134,0,2014,75,75,134,120,1.8,7.24,9.9
"77",3902,"Zakopane (POL)","January",17,2014,"Men",134,0,2014,76,76,134,120,1.8,7.24,10.8
"78",3943,"Planica (SLO)","March",20,2014,"Men",139,0,2014,77,77,139,125,1.8,7.51,9.9
"79",3947,"Planica (SLO)","March",23,2014,"Men",139,0,2014,78,78,139,125,1.8,7.51,9.9
"80",3948,"Engelberg (SUI)","December",20,2013,"Men",137,0,2014,79,79,137,125,1.8,7.4,9.9
"81",3950,"Engelberg (SUI)","December",22,2013,"Men",137,0,2014,80,80,137,125,1.8,7.4,9.9
"82",3953,"Falun (SWE)","February",25,2014,"Men",134,0,2014,81,81,134,120,1.8,7.24,8.82
"83",3784,"Innsbruck (AUT)","January",3,2015,"Men",130,0,2015,82,82,130,120,1.8,7.02,8.46
"84",3786,"Bischofshofen (AUT)","January",5,2015,"Men",140,0,2015,83,83,140,125,1.8,4.86,9.36
"85",3788,"Tauplitz/Bad Mitterndorf (AUT)","January",9,2015,"Men",225,0,2015,84,84,225,200,1.2,8.1,14.4
"86",3795,"Hinzenbach (AUT)","January",31,2015,"Women",94,0,2015,85,85,94,85,2,4.8,5.8
"87",3796,"Hinzenbach (AUT)","February",1,2015,"Women",94,0,2015,86,86,94,85,2,4.8,5.8
"88",3810,"Titisee-Neustadt (GER)","February",7,2015,"Men",142,0,2015,87,87,142,125,1.8,7.67,10.8
"89",3812,"Titisee-Neustadt (GER)","February",8,2015,"Men",142,0,2015,88,88,142,125,1.8,7.67,10.8
"90",3813,"Ruka (FIN)","November",27,2014,"Men",142,0,2015,89,89,142,120,1.8,9.54,11.7
"91",3815,"Ruka (FIN)","November",29,2014,"Men",142,0,2015,90,90,142,120,1.8,9.54,11.7
"92",3818,"Lahti (FIN)","March",6,2015,"Men",130,0,2015,91,91,130,116,1.8,7.56,8.46
"93",3827,"Klingenthal (GER)","November",21,2014,"Men",140,0,2015,92,92,140,125,1.8,7.56,10.8
"94",3832,"Oberstdorf (GER)","December",27,2014,"Men",137,0,2015,93,93,137,120,1.8,7.4,10.8
"95",3834,"Garmisch-Partenkirchen (GER)","December",31,2014,"Men",140,0,2015,94,94,140,125,1.8,7.56,10.44
"96",3840,"Oberstdorf (GER)","January",24,2015,"Women",106,0,2015,95,95,106,95,2,6.36,7
"97",3841,"Oberstdorf (GER)","January",25,2015,"Women",106,0,2015,96,96,106,95,2,6.36,7
"98",3842,"Willingen (GER)","January",30,2015,"Men",145,0,2015,97,97,145,130,1.8,7.83,11.7
"99",3844,"Willingen (GER)","February",1,2015,"Men",145,0,2015,98,98,145,130,1.8,7.83,11.7
"100",3849,"Sapporo (JPN)","January",10,2015,"Women",100,0,2015,99,99,100,90,2,6,6.4
"101",3850,"Sapporo (JPN)","January",11,2015,"Women",100,0,2015,100,100,100,90,2,6,6.4
"102",3856,"Sapporo (JPN)","January",23,2015,"Men",134,0,2015,101,101,134,120,1.8,9,11.7
"103",3858,"Sapporo (JPN)","January",25,2015,"Men",134,0,2015,102,102,134,120,1.8,9,11.7
"104",3867,"Lillehammer (NOR)","December",5,2014,"Women",100,0,2015,103,103,100,90,2,6,6.4
"105",3868,"Lillehammer (NOR)","December",5,2014,"Men",138,0,2015,104,104,138,123,1.8,7.45,9.9
"106",3870,"Lillehammer (NOR)","December",7,2014,"Men",138,0,2015,105,105,138,123,1.8,7.45,9.9
"107",3878,"Vikersund (NOR)","February",13,2015,"Men",225,0,2015,106,106,225,200,1.2,8.1,14.4
"108",3880,"Vikersund (NOR)","February",15,2015,"Men",225,0,2015,107,107,225,200,1.2,8.1,14.4
"109",3881,"Trondheim (NOR)","March",12,2015,"Men",138,0,2015,108,108,140,124,1.8,7.56,10.8
"110",3883,"Oslo (NOR)","March",14,2015,"Men",134,0,2015,109,109,134,120,1.8,7.24,9.9
"111",3884,"Oslo (NOR)","March",15,2015,"Men",134,0,2015,110,110,134,120,1.8,7.24,9.9
"112",3887,"Wisla (POL)","January",15,2015,"Men",134,0,2015,111,111,134,120,1.8,7.24,9.9
"113",3890,"Zakopane (POL)","January",18,2015,"Men",134,0,2015,112,112,134,120,1.8,7.24,10.8
"114",3895,"Nizhny Tagil (RUS)","December",12,2014,"Men",134,0,2015,113,113,134,120,1.8,7.24,9.9
"115",3906,"Ljubno (SLO)","February",14,2015,"Women",95,0,2015,114,114,95,85,2,5.7,5.9
"116",3908,"Ljubno (SLO)","February",15,2015,"Women",95,0,2015,115,115,95,85,2,5.7,5.9
"117",3910,"Planica (SLO)","March",19,2015,"Men",225,0,2015,116,116,225,200,1.2,8.1,14.4
"118",3914,"Engelberg (SUI)","December",19,2014,"Men",137,0,2015,117,117,137,125,1.8,7.4,9.9
"119",3916,"Engelberg (SUI)","December",21,2014,"Men",137,0,2015,118,118,137,125,1.8,7.4,9.9
"120",3702,"Ljubno (SLO)","February",13,2016,"Women",95,0,2016,119,119,95,85,2,5.7,5.9
"121",3703,"Ljubno (SLO)","February",14,2016,"Women",95,0,2016,120,120,95,85,2,5.7,5.9
"122",3705,"Planica (SLO)","March",18,2016,"Men",225,0,2016,121,121,225,200,1.2,8.1,14.4
"123",3716,"Innsbruck (AUT)","January",2,2016,"Men",130,0,2016,122,122,130,120,1.8,7.02,8.46
"124",3718,"Bischofshofen (AUT)","January",5,2016,"Men",140,0,2016,123,123,140,125,1.8,4.86,9.36
"125",3724,"Hinzenbach (AUT)","February",6,2016,"Women",94,0,2016,124,124,94,85,2,4.8,5.8
"126",3725,"Hinzenbach (AUT)","February",7,2016,"Women",94,0,2016,125,125,94,85,2,4.8,5.8
"127",3734,"Lahti (FIN)","February",19,2016,"Men",130,0,2016,126,126,130,116,1.8,7.56,8.46
"128",3738,"Lahti (FIN)","February",21,2016,"Men",100,0,2016,127,127,100,90,2,7,8
"129",3739,"Kuopio (FIN)","February",22,2016,"Men",127,0,2016,128,128,127,120,1.8,6.86,8.19
"130",3764,"Klingenthal (GER)","November",22,2015,"Men",140,0,2016,129,129,140,125,1.8,7.56,10.8
"131",3767,"Oberstdorf (GER)","December",28,2015,"Men",137,0,2016,130,130,137,120,1.8,7.4,10.8
"132",3769,"Garmisch-Partenkirchen (GER)","December",31,2015,"Men",140,0,2016,131,131,140,125,1.8,7.56,10.44
"133",3771,"Willingen (GER)","January",8,2016,"Men",145,0,2016,132,132,145,130,1.8,7.83,11.7
"134",3774,"Oberstdorf (GER)","January",30,2016,"Women",106,0,2016,133,133,106,95,2,6.36,7
"135",3775,"Oberstdorf (GER)","January",31,2016,"Women",106,0,2016,134,134,106,95,2,6.36,7
"136",3776,"Titisee-Neustadt (GER)","March",11,2016,"Men",142,0,2016,135,135,142,125,1.8,7.67,10.8
"137",3782,"Sapporo (JPN)","January",16,2016,"Women",100,0,2016,136,136,100,90,2,6,6.4
"138",3783,"Sapporo (JPN)","January",17,2016,"Women",100,0,2016,137,137,100,90,2,6,6.4
"139",3784,"Zao (JPN)","January",22,2016,"Women",106,0,2016,138,138,106,95,2,6.36,7
"140",3785,"Zao (JPN)","January",23,2016,"Women",106,0,2016,139,139,106,95,2,6.36,7
"141",3786,"Sapporo (JPN)","January",29,2016,"Men",134,0,2016,140,140,134,120,1.8,9,11.7
"142",3788,"Sapporo (JPN)","January",31,2016,"Men",134,0,2016,141,141,134,120,1.8,9,11.7
"143",3794,"Almaty (KAZ)","February",26,2016,"Men",140,0,2016,142,142,140,125,1.8,7.56,9.36
"144",3798,"Almaty (KAZ)","February",28,2016,"Men",140,0,2016,143,143,140,125,1.8,7.56,9.36
"145",3803,"Lillehammer (NOR)","December",4,2015,"Women",100,0,2016,144,144,100,90,2,6,6.4
"146",3806,"Lillehammer (NOR)","December",6,2015,"Men",100,0,2016,145,145,100,90,2,6,6.4
"147",3808,"Oslo (NOR)","February",5,2016,"Men",134,0,2016,146,146,134,120,1.8,7.24,9.9
"148",3811,"Trondheim (NOR)","February",9,2016,"Men",140,0,2016,147,147,140,124,1.8,7.56,10.8
"149",3814,"Vikersund (NOR)","February",13,2016,"Men",225,0,2016,148,148,225,200,1.2,8.1,14.4
"150",3815,"Vikersund (NOR)","February",14,2016,"Men",225,0,2016,149,149,225,200,1.2,8.1,14.4
"151",3826,"Zakopane (POL)","January",22,2016,"Men",134,0,2016,150,150,134,120,1.8,7.24,10.8
"152",3829,"Wisla (POL)","March",3,2016,"Men",134,0,2016,151,151,134,120,1.8,7.24,9.9
"153",3843,"Nizhny Tagil (RUS)","December",11,2015,"Men",134,0,2016,152,152,134,120,1.8,7.24,9.9
"154",3844,"Nizhny Tagil (RUS)","December",12,2015,"Women",100,0,2016,153,153,97,90,2,6,6.4
"155",3846,"Nizhny Tagil (RUS)","December",13,2015,"Women",100,0,2016,154,154,97,90,2,6,6.4
"156",3847,"Nizhny Tagil (RUS)","December",13,2015,"Men",134,0,2016,155,155,134,120,1.8,7.24,9.9
"157",3855,"Engelberg (SUI)","December",18,2015,"Men",137,0,2016,156,156,137,125,1.8,7.4,9.9
"158",3857,"Engelberg (SUI)","December",20,2015,"Men",137,0,2016,157,157,137,125,1.8,7.4,9.9
"159",3782,"Wisla (POL)","January",13,2017,"Men",134,0,2017,158,158,134,120,1.8,7.24,9.9
"160",3784,"Wisla (POL)","January",15,2017,"Men",134,0,2017,159,159,134,120,1.8,7.24,9.9
"161",3785,"Zakopane (POL)","January",20,2017,"Men",134,0,2017,160,160,134,120,1.8,7.24,10.8
"162",3792,"Ruka (FIN)","November",24,2016,"Men",142,0,2017,161,161,142,120,1.8,9.54,11.7
"163",3794,"Ruka (FIN)","November",26,2016,"Men",142,0,2017,162,162,142,120,1.8,9.54,11.7
"164",3808,"Lillehammer (NOR)","December",3,2016,"Women",100,0,2017,163,163,100,90,2,6,6.4
"165",3810,"Oslo (NOR)","March",10,2017,"Men",134,0,2017,164,164,134,120,1.8,7.24,9.9
"166",3814,"Lillehammer (NOR)","March",13,2017,"Men",138,0,2017,165,165,138,123,1.8,7.45,9.9
"167",3816,"Trondheim (NOR)","March",15,2017,"Men",138,0,2017,166,166,140,124,1.8,7.56,10.8
"168",3818,"Vikersund (NOR)","March",17,2017,"Men",225,0,2017,167,167,225,200,1.2,8.1,14.4
"169",3825,"Klingenthal (GER)","December",2,2016,"Men",140,0,2017,168,168,140,125,1.8,7.56,10.8
"170",3828,"Oberstdorf (GER)","December",29,2016,"Men",137,0,2017,169,169,137,120,1.8,7.4,10.8
"171",3830,"Garmisch-Partenkirchen (GER)","December",31,2016,"Men",140,0,2017,170,170,140,125,1.8,7.56,10.44
"172",3832,"Bischofshofen (AUT)","January",5,2017,"Men",140,0,2017,171,171,140,125,1.8,4.86,9.36
"173",3835,"Oberstdorf (GER)","January",8,2017,"Women",137,0,2017,172,172,137,120,1.8,7.4,10.8
"174",3836,"Willingen (GER)","January",27,2017,"Men",145,0,2017,173,173,145,130,1.8,7.83,11.7
"175",3839,"Oberstdorf (GER)","February",3,2017,"Men",225,0,2017,174,174,225,200,1.2,8.1,14.4
"176",3841,"Oberstdorf (GER)","February",5,2017,"Men",225,0,2017,175,175,225,200,1.2,8.1,14.4
"177",3844,"Lillehammer (NOR)","December",9,2016,"Men",138,0,2017,176,176,138,123,1.8,7.45,9.9
"178",3846,"Nizhny Tagil (RUS)","December",10,2016,"Women",100,0,2017,177,177,100,90,2,7,8
"179",3847,"Lillehammer (NOR)","December",11,2016,"Men",138,0,2017,178,178,138,123,1.8,7.45,9.9
"180",3848,"Nizhny Tagil (RUS)","December",11,2016,"Women",100,0,2017,179,179,100,90,2,7,8
"181",3864,"Innsbruck (AUT)","January",3,2017,"Men",130,0,2017,180,180,130,120,1.8,7.02,8.46
"182",3899,"Sapporo (JPN)","January",15,2017,"Women",100,0,2017,181,181,100,90,2,7,8
"183",3903,"Zao (JPN)","January",21,2017,"Women",103,0,2017,182,182,103,95,2,7,8
"184",3905,"Sapporo (JPN)","February",10,2017,"Men",134,0,2017,183,183,137,123,1.8,7.4,10.8
"185",3907,"Sapporo (JPN)","February",12,2017,"Men",134,0,2017,184,184,137,123,1.8,7.4,10.8
"186",3920,"PyeongChang (KOR)","February",14,2017,"Men",140,0,2017,185,185,140,125,1.8,7.56,9.36
"187",3923,"PyeongChang (KOR)","February",16,2017,"Men",109,0,2017,186,186,109,98,2,7,8
"188",3941,"Ljubno (SLO)","February",12,2017,"Women",95,0,2017,187,187,95,85,2,7,8
"189",3942,"Planica (SLO)","March",23,2017,"Men",225,0,2017,188,188,225,200,1.2,8.1,14.4
"190",3946,"Engelberg (SUI)","December",16,2016,"Men",140,0,2017,189,189,140,125,1.8,7.56,9.36
"191",3948,"Engelberg (SUI)","December",18,2016,"Men",140,0,2017,190,190,140,125,1.8,7.56,9.36
"192",3958,"Oberstdorf (GER)","January",6,2017,"Women",137,0,2017,191,191,137,120,1.8,7.4,10.8
"193",3959,"Sapporo (JPN)","January",13,2017,"Women",100,0,2017,192,192,100,90,2,7,8
"194",3960,"Zao (JPN)","January",19,2017,"Women",103,0,2017,193,193,103,95,2,7,8
"195",3961,"Lillehammer (NOR)","December",1,2016,"Women",100,0,2017,194,194,100,90,2,6,6.4
"196",3964,"Ljubno (SLO)","February",11,2017,"Women",95,0,2017,195,195,95,85,2,7,8
"197",3027,"Lillehammer (NOR)","November",30,2017,"Women",98,0,2018,196,196,98,90,2,7,8
"198",3028,"Lillehammer (NOR)","December",2,2017,"Women",98,0,2018,197,197,98,90,2,7,8
"199",3032,"Rasnov (ROU)","March",4,2018,"Women",97,0,2018,198,198,97,90,2,7,8
"200",3033,"Rasnov (ROU)","March",2,2018,"Women",97,0,2018,199,199,97,90,2,7,8
"201",3034,"Sapporo (JPN)","January",12,2018,"Women",100,0,2018,200,200,100,90,2,7,8
"202",3036,"Sapporo (JPN)","January",14,2018,"Women",100,0,2018,201,201,100,90,2,7,8
"203",3037,"Zao (JPN)","January",18,2018,"Women",102,0,2018,202,202,102,95,2,7,8
"204",3038,"Zao (JPN)","January",19,2018,"Women",102,0,2018,203,203,102,95,2,7,8
"205",3040,"Ljubno (SLO)","January",26,2018,"Women",94,0,2018,204,204,94,85,2,7,8
"206",3042,"Ljubno (SLO)","January",28,2018,"Women",94,0,2018,205,205,94,85,2,7,8
"207",3047,"Ruka (FIN)","November",24,2017,"Men",142,0,2018,206,206,142,120,1.8,9.54,11.7
"208",3050,"Nizhny Tagil (RUS)","December",1,2017,"Men",134,0,2018,207,207,134,120,1.8,7.24,9.9
"209",3052,"Nizhny Tagil (RUS)","December",3,2017,"Men",134,0,2018,208,208,134,120,1.8,7.24,9.9
"210",3053,"Titisee-Neustadt (GER)","December",9,2017,"Men",142,0,2018,209,209,142,125,1.8,7.67,10.8
"211",3056,"Engelberg (SUI)","December",15,2017,"Men",140,0,2018,210,210,140,125,1.8,7.56,10.44
"212",3058,"Engelberg (SUI)","December",17,2017,"Men",140,0,2018,211,211,140,125,1.8,7.56,10.44
"213",3059,"Oberstdorf (GER)","December",29,2017,"Men",137,0,2018,212,212,140,120,1.8,7.4,10.8
"214",3061,"Garmisch-Partenkirchen (GER)","December",31,2017,"Men",142,0,2018,213,213,140,125,1.8,7.56,10.44
"215",3063,"Innsbruck (AUT)","January",3,2018,"Men",130,0,2018,214,214,130,120,1.8,7.02,8.46
"216",3065,"Bischofshofen (AUT)","January",5,2018,"Men",140,0,2018,215,215,140,125,1.8,4.86,9.36
"217",3067,"Tauplitz/ Bad Mitterndorf (AUT)","January",12,2018,"Men",235,0,2018,216,216,235,200,1.2,8.46,14.4
"218",3076,"Zakopane (POL)","January",26,2018,"Men",140,0,2018,217,217,140,125,1.8,7.56,10.8
"219",3079,"Willingen (GER)","February",2,2018,"Men",145,0,2018,218,218,145,130,1.8,7.83,11.7
"220",3082,"Oslo (NOR)","March",9,2018,"Men",134,0,2018,219,219,134,120,1.8,7.24,9.9
"221",3084,"Lillehammer (NOR)","March",12,2018,"Men",140,0,2018,220,220,140,123,1.8,7.56,9.9
"222",3086,"Trondheim/Oslo (NOR)","March",14,2018,"Men",140,0,2018,221,221,140,124,1.8,7.56,10.8
"223",3088,"Vikersund (NOR)","March",16,2018,"Men",240,0,2018,222,222,240,200,1.2,8.64,14.4
"224",3091,"Planica (SLO)","March",22,2018,"Men",240,0,2018,223,223,240,200,1.2,8.64,14.4
"225",3132,"Wisla (POL)","November",17,2017,"Men",134,0,2018,224,224,134,120,1.8,7.24,9.9
"226",3140,"Lahti (FIN)","March",2,2018,"Men",130,0,2018,225,225,130,116,1.8,7.56,8.46
"227",3146,"Oberstdorf (GER)","March",23,2018,"Women",106,0,2018,226,226,106,95,2,7,8
"228",3148,"Oberstdorf (GER)","March",25,2018,"Women",106,0,2018,227,227,106,95,2,7,8
"229",3262,"Hinterzarten (GER)","December",15,2017,"Women",108,0,2018,228,228,108,95,2,6.48,8.4
"230",3042,"Lillehammer (NOR)","November",29,2018,"Women",98,0,2019,229,229,98,90,2,7,8
"231",3044,"Lillehammer (NOR)","December",1,2018,"Women",98,0,2019,230,230,98,90,2,7,8
"232",3045,"Lillehammer (NOR)","December",2,2018,"Women",140,0,2019,231,231,140,123,1.8,7.56,9.9
"233",3051,"Premanon (FRA)","December",14,2018,"Women",90,0,2019,232,232,90,81,2,7,8
"234",3053,"Premanon (FRA)","December",16,2018,"Women",90,0,2019,233,233,90,81,2,7,8
"235",3054,"Sapporo (JPN)","January",11,2019,"Women",137,0,2019,234,234,137,123,1.8,7.4,10.8
"236",3056,"Sapporo (JPN)","January",13,2019,"Women",137,0,2019,235,235,137,123,1.8,7.4,10.8
"237",3064,"Hinzenbach (AUT)","February",1,2019,"Women",90,0,2019,236,236,90,85,2,4.8,7
"238",3066,"Hinzenbach (AUT)","February",3,2019,"Women",90,0,2019,237,237,90,85,2,4.8,7
"239",3067,"Ljubno (SLO)","February",7,2019,"Women",94,0,2019,238,238,94,85,2,7,8
"240",3071,"Oberstdorf (GER)","February",15,2019,"Women",137,0,2019,239,239,137,120,1.8,7.56,10.8
"241",3073,"Oberstdorf (GER)","February",17,2019,"Women",137,0,2019,240,240,137,120,1.8,7.56,10.8
"242",3074,"Oslo (NOR)","March",9,2019,"Women",134,0,2019,241,241,134,120,1.8,7.13,9.9
"243",3076,"Lillehammer (NOR)","March",11,2019,"Women",140,0,2019,242,242,140,123,1.8,7.56,9.9
"244",3078,"Trondheim (NOR)","March",13,2019,"Women",138,0,2019,243,243,138,124,1.8,7.45,10.8
"245",3081,"Nizhny Tagil (RUS)","March",16,2019,"Women",97,0,2019,244,244,97,90,2,7,8
"246",3083,"Chaikovsky (RUS)","March",22,2019,"Women",102,0,2019,245,245,102,95,2,7,8
"247",3086,"Wisla (POL)","November",16,2018,"Men",134,0,2019,246,246,134,120,1.8,7.24,10.8
"248",3091,"Ruka (FIN)","November",25,2018,"Men",142,0,2019,247,247,142,120,1.8,9.54,11.7
"249",3092,"Nizhny Tagil (RUS)","November",30,2018,"Men",134,0,2019,248,248,134,120,1.8,7.24,9.9
"250",3094,"Nizhny Tagil (RUS)","December",2,2018,"Men",134,0,2019,249,249,134,120,1.8,7.24,9.9
"251",3095,"Engelberg (SUI)","December",14,2018,"Men",140,0,2019,250,250,140,125,1.8,7.56,10.44
"252",3097,"Engelberg (SUI)","December",16,2018,"Men",140,0,2019,251,251,140,125,1.8,7.56,10.44
"253",3098,"Oberstdorf (GER)","December",29,2018,"Men",137,0,2019,252,252,137,120,1.8,7.56,10.8
"254",3100,"Garmisch-Partenkirchen (GER)","December",31,2018,"Men",142,0,2019,253,253,142,125,1.8,7.67,10.44
"255",3102,"Innsbruck (AUT)","January",3,2019,"Men",130,0,2019,254,254,130,120,1.8,7.02,9.9
"256",3104,"Bischofshofen (AUT)","January",6,2019,"Men",142,0,2019,255,255,142,125,1.8,4.86,10.8
"257",3107,"Zakopane (POL)","January",18,2019,"Men",134,0,2019,256,256,140,125,1.8,7.56,10.8
"258",3110,"Sapporo (JPN)","January",25,2019,"Men",137,0,2019,257,257,137,123,1.8,7.4,10.8
"259",3112,"Sapporo (JPN)","January",27,2019,"Men",137,0,2019,258,258,137,123,1.8,7.4,10.8
"260",3113,"Oberstdorf (GER)","February",1,2019,"Men",235,0,2019,259,259,235,200,1.2,8.46,14.4
"261",3114,"Oberstdorf (GER)","February",2,2019,"Men",235,0,2019,260,260,235,200,1.2,8.46,14.4
"262",3115,"Oberstdorf (GER)","February",3,2019,"Men",235,0,2019,261,261,235,200,1.2,8.46,14.4
"263",3116,"Lahti (FIN)","February",8,2019,"Men",130,0,2019,262,262,130,116,1.8,7.56,9.9
"264",3122,"Oslo (NOR)","March",8,2019,"Men",134,0,2019,263,263,134,120,1.8,7.13,9.9
"265",3127,"Trondheim (NOR)","March",13,2019,"Men",138,0,2019,264,264,138,124,1.8,7.45,10.8
"266",3129,"Vikersund (NOR)","March",15,2019,"Men",240,0,2019,265,265,240,200,1.2,8.64,14.4
"267",3133,"Planica (SLO)","March",21,2019,"Men",240,0,2019,266,266,240,200,1.2,8.64,14.4
"268",3202,"Val di Fiemme (ITA)","January",11,2019,"Men",135,0,2019,267,267,135,120,1.8,5.58,10.8
"269",3230,"Lillehammer (NOR)","March",11,2019,"Men",140,0,2019,268,268,140,123,1.8,7.56,9.9
"270",3293,"Willingen (GER)","February",15,2019,"Men",145,0,2019,269,269,145,130,1.8,7.99,11.7
"271",3068,"Lillehammer (NOR)","December",6,2019,"Women",140,0,2020,270,270,140,123,1.8,7.56,9.9
"272",3070,"Lillehammer (NOR)","December",8,2019,"Women",140,0,2020,271,271,140,123,1.8,7.56,9.9
"273",3073,"Sapporo (JPN)","January",10,2020,"Women",137,0,2020,272,272,137,123,1.8,7.4,10.8
"274",3075,"Sapporo (JPN)","January",12,2020,"Women",137,0,2020,273,273,137,123,1.8,7.4,10.8
"275",3076,"Zao (JPN)","January",16,2020,"Women",102,0,2020,274,274,102,95,2,7,8
"276",3079,"Zao (JPN)","January",19,2020,"Women",102,0,2020,275,275,102,95,2,7,8
"277",3080,"Rasnov (ROU)","January",24,2020,"Women",97,0,2020,276,276,97,90,2,7,8
"278",3082,"Rasnov (ROU)","January",26,2020,"Women",97,0,2020,277,277,97,90,2,7,8
"279",3083,"Oberstdorf (GER)","January",31,2020,"Women",137,0,2020,278,278,137,120,1.8,7.56,10.8
"280",3085,"Oberstdorf (GER)","February",2,2020,"Women",137,0,2020,279,279,137,120,1.8,7.56,10.8
"281",3086,"Hinzenbach (AUT)","February",7,2020,"Women",90,0,2020,280,280,90,85,2,4.8,7
"282",3088,"Hinzenbach (AUT)","February",9,2020,"Women",90,0,2020,281,281,90,85,2,4.8,7
"283",3091,"Ljubno (SLO)","February",23,2020,"Women",94,0,2020,282,282,94,85,2,7,8
"284",3092,"Oslo (NOR)","March",7,2020,"Women",134,0,2020,283,283,134,120,1.8,7.13,9.9
"285",3095,"Lillehammer (NOR)","March",10,2020,"Women",140,0,2020,284,284,140,123,1.8,7.56,9.9
"286",3096,"Trondheim (NOR)","March",11,2020,"Women",138,0,2020,285,285,138,124,1.8,7.45,10.8
"287",3106,"Wisla (POL)","November",22,2019,"Men",134,0,2020,286,286,134,120,1.8,7.24,10.8
"288",3109,"Ruka (FIN)","November",29,2019,"Men",142,0,2020,287,287,142,120,1.8,9.54,11.7
"289",3112,"Nizhny Tagil (RUS)","December",6,2019,"Men",134,0,2020,288,288,134,120,1.8,7.24,9.9
"290",3114,"Nizhny Tagil (RUS)","December",8,2019,"Men",134,0,2020,289,289,134,120,1.8,7.24,9.9
"291",3115,"Klingenthal (GER)","December",13,2019,"Men",140,0,2020,290,290,140,125,1.8,7.67,10.8
"292",3118,"Engelberg (SUI)","December",21,2019,"Men",140,0,2020,291,291,140,125,1.8,7.56,10.44
"293",3121,"Oberstdorf (GER)","December",28,2019,"Men",137,0,2020,292,292,137,120,1.8,7.56,10.8
"294",3123,"Garmisch-Partenkirchen (GER)","December",31,2019,"Men",142,0,2020,293,293,142,125,1.8,7.67,10.44
"295",3125,"Innsbruck (AUT)","January",3,2020,"Men",130,0,2020,294,294,130,120,1.8,7.02,9.9
"296",3127,"Bischofshofen (AUT)","January",5,2020,"Men",142,0,2020,295,295,142,125,1.8,4.86,10.8
"297",3130,"Val di Fiemme (ITA)","January",10,2020,"Men",104,0,2020,296,296,104,95,2,5,8
"298",3132,"Val di Fiemme (ITA)","January",12,2020,"Men",104,0,2020,297,297,104,95,2,5,8
"299",3133,"Titisee-Neustadt (GER)","January",17,2020,"Men",142,0,2020,298,298,142,125,1.8,7.67,10.8
"300",3136,"Zakopane (POL)","January",24,2020,"Men",140,0,2020,299,299,140,125,1.8,7.56,10.8
"301",3139,"Sapporo (JPN)","January",31,2020,"Men",137,0,2020,300,300,137,123,1.8,7.4,10.8
"302",3141,"Sapporo (JPN)","February",2,2020,"Men",137,0,2020,301,301,137,123,1.8,7.4,10.8
"303",3143,"Willingen (GER)","February",8,2020,"Men",145,0,2020,302,302,145,130,1.8,7.99,11.7
"304",3147,"Tauplitz/ Bad Mitterndorf (AUT)","February",16,2020,"Men",235,0,2020,303,303,235,200,1.2,8.46,14.4
"305",3148,"Lahti (FIN)","February",28,2020,"Men",130,0,2020,304,304,130,116,1.8,7.56,9.9
"306",3151,"Oslo (NOR)","March",6,2020,"Men",134,0,2020,305,305,134,120,1.8,7.13,9.9
"307",3156,"Lillehammer (NOR)","March",10,2020,"Men",140,0,2020,306,306,140,123,1.8,7.56,9.9
"308",3157,"Trondheim (NOR)","March",11,2020,"Men",138,0,2020,307,307,138,124,1.8,7.45,10.8
"309",3210,"Rasnov (ROU)","February",20,2020,"Men",97,0,2020,308,308,97,90,2,7,8
"310",3212,"Rasnov (ROU)","February",22,2020,"Men",97,0,2020,309,309,97,90,2,7,8
